{
  "project_info": {
    "project_number": "308215910298",
    "project_id": "readnotifi",
    "storage_bucket": "readnotifi.appspot.com"
  },
  "client": [
    {
      "client_info": {
        "mobilesdk_app_id": "1:308215910298:android:86ecdb4cfe3387675af423",
        "android_client_info": {
          "package_name": "com.example.readnotifi"
        }
      },
      "oauth_client": [
        {
          "client_id": "308215910298-pj3une3jrvjnai6jnhvj4u06dbbmpr1k.apps.googleusercontent.com",
          "client_type": 3
        }
      ],
      "api_key": [
        {
          "current_key": "AIzaSyDE716gYiQu1mnl6GW6JhCyHIQIInCKuaU"
        }
      ],
      "services": {
        "appinvite_service": {
          "other_platform_oauth_client": [
            {
              "client_id": "308215910298-pj3une3jrvjnai6jnhvj4u06dbbmpr1k.apps.googleusercontent.com",
              "client_type": 3
            }
          ]
        }
      }
    }
  ],
  "configuration_version": "1"
}